ID,Sequence,Mutation
b9069c0d-2747-4f00-9630-c2d4c500480e,MFANECYDPNKGFAATWCCHSPANWFEHYVRQCVPSLWEEIDQCGQPAPKAPFRPNHEVSCHQIYFIVDSVDMVHDGIISIRALPQANTCHRQTRWFRMGLLCGCVQNRCLTMPHKIPSKWYHIINEIKWSEEWSTRSEGFAGSVLLNRT,
dfc977ed-d7cc-4512-9c82-1718809223e6,MFANECYDPNKGFAATWCCHSPANWFEHYVKQCVPSLWELIDQCGQPAPKAPFRPNHEVSCHQIYFIVDSVDMVHDGIISIRALPQANTCHRQTRWFRMGLLCGCVQNRCLTMPHKIPSKWYHIINEIKWSEEWSTRSEGFAGSVLLNRT,"E40L,R31K"
cc61e0ca-73ca-496f-92e1-a57712e11dc1,MFANECYDPNKGFAATWCCHSPANWFEHYVRQCVPSLWEEIDQCGQPAPKAPFRPNHEVSCHQIYFIVDSVDMVHDGIISIRALPQANTCHRQTRWFRMGLLCGCKQNRCLTMPHKIPSKWYHIYNEIKWSEEWSTRSEGFAGSVLLNRT,"P55P,V106K,I125Y"
825f250d-a3b5-4129-ab58-3a7a3a96b73a,MFANECYDPNKGFAATWCCHSPANWFEHYVRQCVPSLWEEIDQCGQPAPKAPHRPNHEVSCGQIGFIVDSVDMVHDGIISIRALPQANTCHRQTRWFRMGLLCGCVQNRCLTMPHKIPSKWYHIINEIKWSEEWSTRSEGFAGSVLLNRT,"H62G,Y65G,F53H"
a13f16ad-4a90-4f0e-9113-41490bd4eda2,MFANECYDPNKGFAATWCCHSPANWFEHYERQCVPSLWEEIDQCGQPAPKAPFRPNHEVSCHQIYFIVDSVDMVHDGIISIRALPQANTCHRQTRWFRWGLLCGCVQNRCLTMPHKIPSKWYHIINEIKWSEEWSTRSEGFAGSVLLNRT,"M99W,V30E"
8cd1cb68-aa26-473a-83b4-4318a3cda4da,MFANECYDPNKGFAATWCCHSPANWFEHYVRQCVPSLWEEIDQCGQPAPKAPFRPNHEVSCHQIYFIVDSVDMVHDGIISIRALPQANTCYRQTRWFRMGLLCGCVQNRCLTMPHKIPSKWYHIINEIKWSEEWSTRSEGFAGSVLLNRT,H91Y
2e337843-0b02-430a-9de5-1971c4e9b6aa,MFANECYDPNKGFAATWCCHSPANWFEHYVRQCVGSLWEEIDQCGQPAPLAPFRPNHEVSCHQIYFIVDSVDMVHDGIISIRALPQANTCHRQTRWFRMGLLCGCVQNRCLTMPHKIPSKWYHIINEIKWSEEWSTRSEGFAGSVLLNRT,"P35G,K50L"
5cd14958-194a-4af7-bdc7-263edd18c76c,MFANECYDPNKGFAATWCCHSPANWFEQYVRQCVPSLWEEIDQCGQPAPKAPFRPNHEVSCHQIAFIVDSVDMVHDGIISIRALPQANTCHRQTRWFRMGLLCGCVQNRCLTMPHKIPSKWYHIINEIKWSEEWSTRSEGFAGSVLLNRT,"Y65A,H28Q"
d3b87f1a-570e-4472-8bb7-fa47409fe5d2,MFANECYDPNKGFAATWCCHSPANWFEHYVRQCVPSLWEEIDQCGQPAPKAPFRPNHEVSCHQIYFIVDSYDMVHDGIISIRALPQANTCHRQTRWFRMGLLCGCVQNRCLTMPHKIPSKWYHIINEIKWSERWSTRSEGFAGSVLLNRT,"E133R,V71Y"
8e66dad3-251b-4476-ae65-d9167ba95869,MFANECYDPNKGEAATWCCHSPANWFEHYVRQCVPSLWEEIDQCGQPAPKAPFRPNHEVSCHQIYFIVDSVDMVHDGIISIRALPQANTCHRQTRWFRMGLLCGCVQNRCLTMPHKIPSKWYHIINEIKWSEEWSTRSEGFAGSVLLNRT,F13E
dff95f47-e7e2-49c9-8346-3017bf391d51,MFANECYDPNKGFAATWCCHSPANWFEHYVRQCVPSLWEEIDQCGQPAPKAPFRPNHEVSCHQIYFIVDSVDMVHDGIISIRALPQANTCHRQQRWFRMGLLCGCVQNRCLTMPHKIPSKWYHIINEIKWSEEWSTRSEGFAGSVLLNRT,T94Q
32360624-e79b-4edc-b135-66d4d25f8ac9,MFANECYDPNKGFAATWCCHSPANWFEHYVRQCVPSLWEEIDQCGQPAPKAPFRPNHEVSCHQIYFIIDSVDMVHDGIISIRALGQANTCHRQTRWFRMGLLCGMVQNRCLTMPHKIPSKWYHIINEIKWSEEWSTRSEGFAGSVLLNRT,"V68I,P85G,C105M"
bb2556ac-c926-4cc3-b31b-f0e48819dc68,MFANECYDPNKGFAATWCCHSPANWFEHYVRQEVPSLWEEIDQCGQPAPKAPFRPNHEVSCHQIYFIVDSVDMVHDQIISIRALPQANTCHRQTRWFRMGLLCGCVQNRCLTMPHKIPSKWYHIINEIKWSEEWSTRSEGFAGSVLLNRT,"G77Q,C33E"
12feca6a-871d-4d9b-be2d-a66b7b87d6c7,MFANECYDPNKGFAATWCCHSPANWFEHYVRQCVPSLWEEIDQCPQPAPKAPFRPNHEVSCHQIYFIVDSVDMVHDGFISIRALPQANTCHRQTRWFRMGLLCGCVQNRCLTMPHKIPSKWYHIDNEIKWSEEWSTRSEGFAGSVLLNRT,"I78F,I125D,G45P"
8596535f-1907-461a-ba0e-dc7298a766a7,MFANECYDPNKGFAATWCWHSPANWFEHYVRQCVPSLWEEIDQCGQPAPKAPFRPNHEVSCHQIYFIVDSVDMVHDGIISIRALPQANTCHRQQRWFRMGLLCGCVQNRCLTCPHKIPSKWYHIINEIKWSEEWSTRSEGFAGSVLLNRT,"M113C,T94Q,C19W"
49fa0f91-708e-4bce-91db-2044e89f2d00,MFANECYDPNKGFAATWCCHSPANWFEHYVRQCVPSLWEEIDQCGQPAPKAPFRPNHEVSCHQIYFIVDSVDMVHDGIISIRALPQANTCHRQTRWFRMGLLCGCVQNRCLTMPHKIPSKSYHIINEIKWSEEWSTRSEGFAGSVLLNRT,W121S
e704e455-7807-4687-8164-c16dd77ccd1a,MFANECYDPNKGFAATWCCHSPANWFEHYVRQCVPSLWEEIDQCGQPAPKAPFRPNHEVSCHQIYFIVDSDDMVHDGIISIRALPQANTCHRQTRWFRMGLLCGCVQNRCLTMPHKIPSKWYHIINEIKWSEEWSTRKEGFAGSVLLNRT,"V71D,S138K"
f0db5f99-2f83-4967-859a-40691eec659f,MFANECYDPNKGFAATWCCHSPANWFEHYVRQCVPSLWEEIDQCGQPAPKAPFRPRHEVSCHQIYFIVDSVDMVHDGIISIRALPQANTCHRQTRWFRMGLLCGCVQNRCLTMPHKIPSKWYHIINEIKWSEEWSTRSEGFAGSVLLNRT,N56R
6b0ed65c-8801-4ce6-aeba-b84e02a6f578,MFANECYDPNKGFAATWCCHSPANWFEHYVRQCVPWLWEEIDQCGQPAPKAPFRPNHEVSCHQIYKIVDSVDMVHDGIISIRALPQANTCHRQTRWFRMGLLCGCVQNRCLTMPHKIPSKWYHIINEIKWSEEWSTRSEGFAGEVLLNRT,"S36W,S144E,F66K"
548d940d-3798-4583-a60b-2647bcea1b86,MFANECYDPNKGFAATWCCHSPANWFEHYVRQCVPSLWEEIDQCGQPAPKAPFRPNHEVSCHQIYFIVDSVDMVHDGIISIRALPQANTCHRQTRWFRMGLLCGCVQNRCLTMPHKIPSKWYHIINEIKWSEEWSTRSEGFAGSVLLNRT,R95R
537555e9-3bc6-41c4-a991-c95f9229fa5f,MFANECYDPNKGFAATWCCHSPANWFEHYVRQCVPSLWEEIDQCGQPAPKAPFRPNHEVSCHQIYFIVDSVDMVHDGIISIRALPQANTCHRQTRWFRMGLLCGCVQNRCLTMPHKIPSKWYHIINEIKWSEEWSTRHEGFAGSVLLNRT,S138H
fade61b7-41b4-4eea-a4c3-6945c5d9c8fe,MFANECYDPNKGFAATWCCHSPANWFEHYVRQCVPSLWEEIDQCGQPAPKAPFRPNHEVSCHQIYFIVDSVDMVHDGIISVRALPQANTCHRQTRWFRMGLLCGCVQNRCLTMPHKIPSKWYHIINEIKWSEEWSTRSEGFAGSVLLNRT,I81V
f94bb769-ed43-46e0-a6f9-570103596975,MFANECYDPNKGFAATWCCHSPANWFEHYVRQCVPSLWEEIDQCGQPAPKAPFRPNHEVSCHQIYFIVDSVDMVHDGIISIRALPQVNTCHRQTRWFRMGLLCGCVQNRCLTMPHKIPSKWYHIINEIKWSEEWSTRSEGFAGSVLLNRT,A87V
0fa869cd-5830-43c2-8012-017edcce7cba,MFANECYDPNKGFAATWCCHSPANWFEHYVRQCVPSLWEEIDQCGQPAPKAPFRPNHEVSCHQIYFIVDCVDMVHDGIISIRALPQANTCHRQTRWFRMGLLCGCVQGRCLTMPHKIPSKWYHIINEIKWSEEWSTRSEGFAGSVLLNRT,"S70C,N108G"
8f422318-489d-4cef-b331-70a110132b2e,MFVNECYDPNKEFAATWCCHSPANWFEHYVRQCVPSLWEEIDQCGQPAPKAPFRPNHEVSEHQIYFIVDSVDMVHDGIISIRALPQANTCHRQTRWFRMGLLCGCVQNRCLTMPHKIPSKWYHIINEIKWSEEWSTRSEGFAGSVLLNRT,"C61E,A3V,G12E"
f2d9de99-fa95-44ee-81e5-74a716142203,MFANECYDPNKGFAATWCCHSPANWFEHYVRQCVPSLWEEIDQCGQPAPKAPFRPNHEVSCHQIYFIVDSVDMEHDGIISIRALPQANTCHRQTRWFRMGLLCGCVQNRCLTMPHKIPSKWYHIINMIKWSEEWSTRSEGFAGSVLLNRT,"E127M,V74E"
40ec0273-7381-4284-bec6-f00d39d66ce6,MFANECYDPNKGFAATWCCHSPANWFEHYVRQCVPSLWEEIDQCGQPAPKAPFRPNHEVSCHQIYFIVDSVDMVYDGIISIRALPQANTCHRQTRWFRMWLLCGCVQNRCLTMPHKIPSKWYHIINEIKWSEEWSTRSEGFAGSVLLNRT,"G100W,H75Y"
402e69a5-7575-4f05-9590-bbe9e4109389,MFANEVYDPNKGFAATWCCHSPANWFEHYVRRCVPSLWEEIDQCGQPAPKAPFRPNHEESCHQIYFIVDSVDMVHDGIISIRALPQANTCHRQTRWFRMGLLCGCVQNRCLTMPHKIPSKWYHIINEIKWSEEWSTRSEGFAGSVLLNRT,"Q32R,C6V,V59E"
7ca0d432-94d8-49b1-adf3-281944c19b3b,MFANECRDPNKGFAATWCCHSPANWFEHYVRQCVPSLWEEIDQCGQPAPKAPFRPNHEVSCHQIYFIVDSVDMVHDGIISIRALPQANTCHRQTRWFRMGLLCGCVQNRCLTMPHKIPSKWYHIINEIKWSEEWSTRSEGFAGSVLLNRT,Y7R
9ff88674-4677-49b0-81b4-60ee16328e42,MFANECYDPNKGFAATWCCHSPANWFEHYVRQCVPSLWEEIDQCGQPAPKAPFDPNHEVSCHQIYFIVDSVDMVHDGIISIRALPQANTCHRQTRWFRMGLLCGCVQNRCLTMPHKIPSKWYHIINEIKWSEEWSTRSEGFAGSVLLNRT,R54D
2ee3fe5a-ef99-45c6-aee5-8e13039d6b49,MFANECYDPNKGFAATWCCHSPANWFEHYVRQCVPSLWEEIDQCGQPAPKAGFRPNHEVSCHPIYFIVDSVDMVHDGIISIRALPQANTCHRQTRWFRWGLLCGCVQNRCLTMPHKIPSKWYHIINEIKWSEEWSTRSEGFAGSVLLNRT,"Q63P,M99W,P52G"
ab705044-4cf8-4e23-96a7-651bf9ca959c,MFANECYDPNKGFAATWCCHSPANWFEHYVRQCVPQLWEEIDQCGQPAPKAPFRPNHEVSCHQIYFIVDSVDMVHDGIISIEALPQANTCHRQTRWFRMGLLAGCVQNRCLTMPHKIPSKWYHIINEIKWSEEWSTRSEGFAGSVLLNRT,"C103A,R82E,S36Q"
ad3559ef-07d3-4a2e-9b78-36a3adc946c2,MFCNECYDPNKGFAATWCCHSPANWFEHYVRQCVPSLWEEIDQCGQPAPKAPFRPNHEVSCHQIYFIVDSVDMVHDGIISIRALPQANTCHRQTRWFRMGLLCGCVQNRCLTMPHKIPSKWYHIINEIKWSEEWSTRSEGFAGSVFLSRT,"N148S,A3C,L146F"
5b5dbb21-e414-489d-bbf5-2c983acaddfb,MFANECYDPNKGFAATWCCHSPANWFEHYVRQCVPSLWEEIDQCGQPAPHAPFRPNHEVSCHQIYFIVDSVDMVHDGIISIRALPQANTCHRQTRWFRMGLLCGCVQNRCLTMPHKIPSKWYHIINEIKWSEEWSTRSEGFAGSVLLSRT,"K50H,N148S"
5f82398a-6da5-4ce3-abe7-0f478c098e1c,MFANECYDPNKGFAATWCCHSPANWFEHYVRQCVPSLWEEIDQCGQPAPKAPFRPNHEVSCHQIYFIVDSVDMVHDHIISIRAVPQANTCHRQTRWFRMGLLCGCVQNRCLTMPHKIPSKWYHIINEIKWSEEWSTRSEGFAGSVLLNRT,"L84V,G77H"
0ea680c9-d57e-47b1-97f2-7dd3931ffbf0,MFANECYDPNKGFAATWCCHSPANYFEHYVRQCVPSLWEEIDQCGQPAPKAPFRPNHEVSCHQIYFIVDSVDMVHDGIISIRALPQANTCHRQTRWFRMGLLPGCVQNRCLTMPHKIPSKWYHIINEIKWSEEWSTRSEGFAGSVLLNRT,"C103P,W25Y"
361c1b6a-adeb-49fa-ae14-2cb06068ada2,MFANECYDPNKGFAATWCCHSPANWFEHYVRQCVPSLWEEIDQCGQPAPKAPFRPNHEVSCHQIDFIVDSVDMVHDGIISIRALPQANTCHRQTRWFRMGLLCGCVQNECLTMPHKIPSKWYHIINEIKWSEEWSTRSEGFAGSVLLNRT,"R109E,Y65D"
5abe729e-7f47-448d-aea9-73778b1efe15,MFANECYDVNKGFAATWCCHSPANWFEHYVRQCVPSLWEEIDQCGQPAPKAPFRPNHEVSCHQIYFIVDSVDMVHDGIISIRALPQANTCHRQTRWFRMGLLCGCTQNRCLTMPHKIPSKWYHIINEIKWSEENSTRSEGFAGSVLLNRT,"P9V,W134N,V106T"
438578a8-c20a-4fbe-926a-ffc4e2474f51,MFANECYDPNKGFAATWCCHSPANWFEHYVRQCVPSLWFEIDQCGQPAPKAPFRPNHEVSCHQIMFIVDSVDMVHDGIISIRALPQANTCHRQTRWFRMGLLCGCVQNRCLTMPHKIPSKWYHIINEIKWSEEWSTFSEGFAGSVLLNRT,"R137F,Y65M,E39F"
1620ce92-e93d-4a46-8702-f41c6ff2b2d0,LFANECYDPNKGFAATWCCHSPANWFEHYVRQCVPSLWEQIDQCGQPAPKAPFRPNHEVSCHQIYFIVDSVDMVHDGIISIRALPQYNTCHRQTRWFRMGLLCGCVQNRCLTMPHKIPSKWYHIINEIKWSEEWSTRSEGFAGSVLLNRT,"E40Q,A87Y,M1L"
4964df2d-b6a9-431e-a816-956e60d004ac,MFANECYDPNKGFAATWCCHSPANWFEHYVRQCVPSLWEEIDQCGQPAPKAPFRPNHTVSCHQIYFIVDSVDMVHDGIISIRALPQANTCHRQTRWFRMGLLCGCVQNRCLTMPHKIPSMWYHIINEIKWSEEWSTRSEGFAGSVLLNRT,"E58T,K120M"
fdba7996-62a2-4f01-bdb1-ae6ec79e139f,MFANECYDPNKGFRATWCCHSPANWFEHYVRQCVPSLWEEIDQCGQPAPKAPFRPNHEVSCHQIYFIVDSVDMVHDGIISIRALPQANTCHRQTRWFRMGLLCGCVQNRCLTMPHKIPSKWYHIINEIKWSEEWSTRSWGFAGSVLLNRT,"H123H,A14R,E139W"
7eec6c03-79bc-428b-8a6c-82bc98c44565,LFANECYDPNKGFAATWCCHSPANWFEHYVRQCVPSLWEEIDQCGQPAHKAPFRPNHEVSCHQIYFIVDSVDMVHDGIISIRALPQANTCHRQTRWFRMGLLCGCVQNRCLTMPHKIPSKWYHIINEIKWSEEWSTRSEGFAGSVLLNRT,"M1L,P49H"
392349d4-1b8b-4da1-afb6-400e99b16039,MFANECYDPNKGFAATWCCHSPANWFEHYVRQCVPSLWEEIDQCGQPAPKAPFRPNHEVSCHQIYFIVDSVDMVHDGIISIRALPQANTCHRQTRWFRMRLLCGCVQNRCLTMPHKIPSKWYHIINEIKWSEEWSTRSEGFAGSVLLNRK,"G100R,T150K"
36547ad0-8778-4935-80b8-8e2d168581bb,MFANECYDPNKGFAATKCCHSPANWFEHYLRQCVPSLWEEIDQCGQPAPKAPFRPNHEVSCHQIYFIVDSVDMVHDGIISIRALPQANTCHRQTRWFRMGLLCGCVQNRCLTMPHKIPSKWYHIINEIKWSEEWSTRSEGFAGSVLLNRT,"V30L,W17K"
cb0bc4b9-5439-4720-8ac5-60557103d744,MFANECYDPNKGFAATWCCHSPANWFEHYVRQCVPSLWEEIDQCGQPTPKAPFRPNHEVSCHQIYFIVDSVDMVHDGIISIRALPQANTCHRQTRWFRMGLLCGCVQNRCLTMPHKIPSKWYHIINEGKWSEEWSTRSEGFAGSVLCNRT,"A48T,I128G,L147C"
a27016d8-a62d-4ea2-a0cd-0d632b736475,MFANECYDPNKGFAATWCCHSPANLFEHYVRQCVPSLWEEIDQCGQPAPKAPFRPNHEVSCHQIYFIVDSVDMVHDGIISIRALPQANTCHRQTRWFRMGLLCGCVQNRCLTMPHKIPSKWYHIINEIKWSEEWSTRSEGFAGSVLLNRT,W25L
6e1d33fc-8ca7-47d5-9d12-960299f005e4,MFANECYDPNKGFAATWCCHSPANWFEHYVRQCVPSLWEEIDQCGQPAPKAPFRPNHEVSCHSIYFIVDSVDMVHDGIISIRALPQANTCHRQTRWFRMGLLCGCVQNRCLTMPHKIPSKWYHIINEIKWSEEWSTRSEGFAGSVWLNRT,"Q63S,L146W"
754edb27-3ae8-4f14-830f-8efe74489f5a,MFANECYDPNKGFAATWCCHSPANWFEHYVRQCVPSLWEEMDQCGQPAPKAPFRPNHEVSCHQIYFIVDSVDMVHDGIISIDALPQANTCHRQTRWFRMGLLCGCVQNRCLTMVHKIPSKWYHIINEIKWSEEWSTRSEGFAGSVLLNRT,"I41M,P114V,R82D"
62b632f8-144c-479c-a88c-1e48c452d555,MFANECYDPNKGFAATWCCHSPANWFELYVRQCVPSLWEEIDQCGQPAPKAPFRPNHEVSCHQIYFIVDSVDMVHDGIISIRALPQANTCHRQYRWFRMGLLCGCVQNRCLTMPHKIPSKWYHIINEISWSEEWSTRSEGFAGSVLLNRT,"K129S,H28L,T94Y"
c7d17eec-eb60-4047-af27-61ef7cee44c1,MFANECYDPNKGFAATWCCHSPANWFEHYVRQCVPSLWEEIDQCGQPAPKAPFRPNHEVSCHQIYFIVDSVDMVHDGIISIRALPQANTCHRQTRWFRMGLLCGCVQNRCLTMPHKIPSKWYHIINKIKWSEEWSTRSEGFAGSVLLNRT,"E127K,F13F"
1c747993-264e-4d78-9dd1-c791dfffba5b,MFANECYDPNKGFAATWCCHSPANWFEHYVRQCVPSLWEEIDQCGQPAPKAPFRPNHEVSCHQIYFIVDSVDMVHDGIISIRALPQANTCHRQTRWFRMGQLCGCVQNRCLTMPHKIPSKWYHIINEIKLAEEWSTRSEGFAGSVLLNRT,"W130L,S131A,L101Q"
48b7eb08-a70f-4ede-822a-9930f73ddc01,MFANECYDPNKGFAATWCCHSPANWFEHYVRQCVPSLWEEIDQCGQPAPKAPFRPNHEVSWHQIYFIVDSVDMVHDGIISIRALPQANTCHRQTRWFRMGLLCGCVQNRCLTMPHKIPSKWYHIINEIKWSEEWSTRSEGFAGSVLLNRT,C61W
48f489dd-e720-4e90-8ae3-834390d553f7,MFANECYDPNKGFAATWPCHSPANWFEHYVRQCVPSLWEEIDQCGQPAPKAPFRPNHEVSCHQIYFIVDSVDMVHDGIISIRALPQANTCHRQTRWFRMGLVCGCVQNRCLTMPHKIPSKWYHIINEIKWSEEWSTRSEGFAGSVLLNRT,"L102V,C18P"
0eece1bd-f378-424a-8f3e-b9ad02357ed1,MFANECYDPNKGFAATWCCHSPANWTEHYVRQCVCSLWEEIDQCGQPAPKAPFRPNHEVSCHQIYFIVDSVDMVHDGIISIRALPQANTCQRQTRWFRMGLLCGCVQNRCLTMPHKIPSKWYHIINEIKWSEEWSTRSEGFAGSVLLNRT,"P35C,H91Q,F26T"
b44152e2-ffd5-4c73-b41f-db4f6bb1f7cb,MFANECYAPNKGFAATWCCHSPANWFEHYVRQCVPSLWEEIDQCGQPAPKAPFRPNHEVSCHQIYFIVDSVDMVHDGIISERALPQANTCHRQTRWFRMGLLCGCVQNRCLTMPHKIPSKWYHIINEMKWSEEWSTRSEGFAGSVLLNRT,"D8A,I128M,I81E"
5ce19f03-be13-47e2-85c2-5468bec9bed7,MFANECYDPNKGFAATWCCHSPANWFEHYVRQCVPSLWEEIDQCGQPAPKAPFRPNHEVSCHQIYFIVDSVDMVHDGIISIRALPQANTCHRQTRWFRMGLLCGCVQNHCLTMPHKIPSKWYHIINEIKWSEEWSTRSEGNAGSVLLNRT,"F141N,R109H"
2ff7f92d-1e4b-47d6-baee-76889e827fd3,MFANECYDPNKGFAATWCCHSPANWFGHYVRQCVPSLWEEIDQCGQPAPKAPFRPNHEVRCHQIYFIVDSVDMVHDGIISIRALPQANTCHRQTRWFRMGLLCGCVQNRCLTMPHKIPSKWYHIINEIKWSEEWSTRSEGFAGSVLLNRT,"S60R,E27G"
e2be5271-6ef0-40fd-b686-1449f4a841e7,MFANECYDPNKGFAATWCCHDPANWFEHYVRQCVPSLWEEIDQCGQPAPNAPFRPNHEVSCHQIYFIVDSVDMVHDGIISIRALPQANTCHRQTRWFRMGLLCGCVQNRCLTMPHKIPSKWYHIINEIKWSEEWSTRSEGFAGSVLLNRT,"S21D,K50N"
76449398-eba3-49f8-83a9-06e066275b3d,MFANECYDPNKGFAATWCCHSPANWFEHYVRQCVPSLWEEIDQCGQPAPKAPFRPNHEVSCNQIYFIVDSVDMVHDGIISIRALPQANTCHRQTRWFRMGLLCGCVQNRCLTMPHKIPSKWYHIINEIKWSEEWSTRSEGFTGSVLLNRT,"A142T,H62N"
6b067f95-77a9-47ae-9e4a-b41a442e2ebe,MFANECYDPNKGFAATWCCHSPANWFEHYVRQCVPSLWEEIDQCGQPAPKAPFRPNHEVSCHQIYFIVDSVDMVHDGIISIRALPQANTCHRQTRWFRMGLLCGCVQNRTLTMPHKIPSKWYHIINEIKWSEEWSTRSEGFAGSVLLNRI,"T150I,C110T"
710c75b9-421b-48c9-bcb8-28774248d640,MFANECYDPNKGFAATWCCHSPANWFEHYVRQCVPSLWEEIDQCGQPAPKAGFRPNHEVSCHQIYFIVDSVDMVGDGIISIRALPQAETCHRQTRWFRMGLLCGCVQNRCLTMPHKIPSKWYHIINEIKWSEEWSTRSEGFAGSVLLNRT,"P52G,H75G,N88E"
9d21b919-2c99-4177-a19c-fa8fea2fd638,MFANECYDPNKGFAATWCCHSPANWFEHYVRQCVPSLWEEIDQCGQPAPKAPFRPNHEVSCHQIYFIVDSVDMVHDGIISIRARPQANTCHRQTRWFRMGLLCGCVQNRCLTMPHKIPSKWYHIINEIKWSEEWSTRSEGFAGSVLLNRT,L84R
8440a086-4e09-4601-b603-7d687d542368,MFANECYDPNKGFAATWCCHSPANWFWHYVRQCVPSLWEEIDQCGQPAPKAPFRPNHEVSCHQIYFIVDSVDMVHDGIISIRALPQANTCHRQTRWFRMGLLCGCVQNRCLTMPHKIPSKWYHIINEIKWSEEWSTRSEGFAGSVLLNRT,E27W
f9115a80-e1c1-47c6-9c2a-8f3f91eb2e5a,MFANECYDPNKGFAATWCCHSPANWFEHYVRQCVPSLWEEIDQCGQPAPKAPCRPNHEVSPHQIYPIVDSVDMVHDGIISIRALPQANTCHRQTRWFRMGLLCGCVQNRCLTMPHKIPSKWYHIINEIKWSEEWSTRSEGFAGSVLLNRT,"F53C,C61P,F66P"
12d4cfbf-a7e3-42da-80c3-3107f6e84b7b,MFANECYDPNKGFAATWCCHSPANWFEHYVRQCVPSLWEEIDQKGQPAPKAPFRPNHEVSCHQIYFIVDSVDMVHDGIISIRALPQANTCHRYTRWFRMGLLCGCVQNRCLTMPHKIPSKWYHIINEIKWSEEWSTRSEGFAGSVLLNRT,"C44K,Q93Y"
3b727ab4-85ce-4337-b6b2-8e06c6b41d72,MFANECYDPNKGFAATWCCHSPANWFEHYVRQCVPSLWEEIDQCGQPAPKAPFRPNHEVSCHQIYFIVDSVDMVHDGIISIRALPQANTCHRQTRWFRMGLLCGCVQNRCLTMPHKIPSKWYHIINEIKFTEEWSTRSEGFAYSVLLNRT,"S131T,W130F,G143Y"
5ef9035f-3a34-4d12-a7a0-d8dbe371194a,MFANECYDPNKGFAATWCCHSPANWFEHYVRQCVPSLWEEIDQCGQPAPCAPFRPNHSVSCHQIYFIVDSVDMVHDGIISIRALPQANTCHRQTRWFRMGLLCGCVQNRCLTMPHKIPSKWYHIINEIKWSEEQSTRSEGFAGSVLLNRT,"E58S,W134Q,K50C"
bcd25b41-6cf5-4299-9ab2-4946ec86d9f6,MFANECYDPNKGFAATWCCHSPANWFEHYVRICVPSLWEEIDQCGQPAPKAPFRPNHEVSCHQIYFIVDSVDMVHDGIISIRALPQANTCHRQTRWFRMGLLCGCVQNRCLTMPHKIPSKWYHIINEIKWSEEWSTRSEGFAGSVLLNRT,Q32I
4d324b0b-2303-47ba-a895-bd2358ee3d0f,MFANECYDPNKGFAATWCCHSPANWFEHYERQCVPSLWEEIDQCGQPAPKAPFRPNHEVSCHQIYFIVDSVDMVHDGIISIRALPQANTCHRQTRWFRMGLLCGCVQNRCLTMPHKIPSKWYHIINEIKWSEEWTTRSEGFAGSVLLNRT,"V30E,S135T"
392deaf1-22b5-417b-ae11-3f8f94d106f6,MFANECYDPNKGFAATWCCHSPANWFEHYVRQCVPSLWEFIDQCGQPAPKAPFRPNHEVSCHQIYFIVDSVDMVHDGIISIRALPQANTCHRQTRWFRSGLLCGCVQNRCLTMPHKIPSKWYHIINEIKWSEEWSTRSEGFAGSVLLNRT,"M99S,E40F"
bdfc0c99-6470-4c0b-b38c-223a61fe2fc4,MFANECYDPNKGFAATWCCHSPANWFEHYVRVCVPSLWEEIDQCGQPAPKAPFRPNHEVSCHQIYFIVDSVDMVHDGIISIRALPQANTCHRQTRWFRMGLLCGCVQNRCLTMPHKIPSKWYHIINEIKWSEEWSTRSEGFAGSVLLNRT,Q32V
621b4ff8-9474-4c1c-acb8-a00cda15a6dc,MFANECYDPNKGFAATWCCHSPANWFEHYVRQCVPSLWEEIDQCGQPAPKAPCRPNHEVSCHQIYFIVDSVDMVHDGIISIRALPQANTCHRQTRWFRMGLLCGCVQNRCLTMPHKIPSKWYHIINEIKWSEEWSTRSEGFAGSVLLNRT,F53C
ade6da43-6960-469c-aa3f-e916491c7660,VFANECYDPNKGFAATWCCHVPANWFEHYVRQCVPSLWEEIDQCGQPAPKAPFRPNHEVSCHQIYFIVDSVDMYHDGIISIRALPQANTCHRQTRWFRMGLLCGCVQNRCLTMPHKIPSKWYHIINEIKWSEEWSTRSEGFAGSVLLNRT,"M1V,V74Y,S21V"
d955bd8f-910b-4fe3-a399-f74976334197,MFANECYDPNKGFAATWCCHSPANWFEHYVRQCVPSLWEEIDQCGQPAPKAPFRPNHEVSCHQIYFIVDSVDMVHDGIITIRALPQANTCHRQTRWFRMGLLCGCVQNRCLTMPHKIPSKWYHIINEIKWSEEWSTRSEGFAGSVLLNRT,S80T
35903d42-8ef5-4056-aa3d-0982b72b8f04,MFANECYDPNKGFAATWCCHSPANWFEHYVRQCVPSLWEEIDQCGQPAPKAPFRPNHEVSCHQIYFIVDSVDMVHDGIISIRALPQANTCHRQTRWFRMGLACGCVQNRCLTMPHKIPSKWYHIINEIKWSEEWSTRSEGFAGSVLLNRT,L102A
e1c26117-3e16-4b76-a421-f697f39f84cd,MFANECYDPNKGFAATWCCHSPANWFEHYVRQCVPSLWEEIDQCGQPAPKAYFRPNHEVSCHQIYFIVDSVDMVHDGIISIRALPQANTCHRQTRWFRMGLLCGCVQNRCLTMPHKIPSKWYHIINEIKWSEEWSTRSEGFAGSVLLNRT,P52Y
3c6606d0-0271-48a4-8467-7113d8fc82f1,MFANECYDPNKGFAATWWCHSPANWFEHYVRQCVPSLWEEIDQCGQPAPKAPLRPNHEVSCHQIYFIVDSVDMVHDGIISIRALPQANTCHRQTRWFRMGLLCGCVQNRCLTMPHKIPSKWYHIINEIKWSEEWSTRSEGFAGSVLLNRT,"F53L,C18W"
dbf62ea5-b2f2-4062-84fd-712f63df09f5,MFANECYDPNKGFAATWCCHSPANWFEHYVRQCVPSLWEEIDQCGQPAPKAPFRPNHEVSCHQIYFIVDSVDMVHDGIISIRALPQANTCHRQTRWFRMGLLCGLVQNRCLTMPHKIPSKWYHIIWEIKWSEEWSTRSEGFAGSVLLNRT,"N126W,C105L"
b0a3c41a-20ea-4bda-bdae-75547f9fdc7f,MFANECYDPNKGFAATWCCHSPANWFEHYVRYCVPSLWEEIDLCGQPAPKAPFRPNHEVSCHQIYFIVDSVDMVHDGIISIRALPQANTCHRQTRWFRMGLLCGCVQNRCLTMPCKIPSKWYHIINEIKWSEEWSTRSEGFAGSVLLNRT,"Q43L,H115C,Q32Y"
339c610f-f3ea-4bb7-9d89-87752d1aa53b,MPANECYDPNKGFAATWCCHSPANWFEHYVRQCVPSLWEEIDQCGQPAPKAPFRPNHEVSCHQIYFIVDSVDMVHDGIISIRALPQANTCHRQTRWFRMGLLCGCVQNRCLTMPHKIPSKWYHIINEWKWSEEWSTRSEGFAGSVLLNRT,"I128W,F2P"
a9c44a63-d742-4b93-ab9f-d1f9d67eb161,MFANECYDPNKGFAATWCCHSPANWFEHYVRQCVPSLWEEIDQCGQPAWKAWFRPNHEVSCHQIYFIVDSVDMVHDGIISIRALPQANTCHRQTRWFRMGLLCGCVQNRCLTMPHKIPSKWYHIINEIKWSEEWSTRSEGFAGSVLLNRT,"P52W,P49W"
5d174d45-61b1-4f3e-93e2-96d637d978f4,MFANECYDPNKGFAATWCCHSPANWFEHYVRQCVPRLWEEIDQCGQPAPKAPFRPNHEVSCHQIYFIVDSVDMVHDGIISIRALPQANTCHRQTRWFRMGLLCGCVQNRCLTMPHKIPSKWYHIINEIKWSEEWSTRSEGFAGSVLLNRT,S36R
00217321-60af-4857-96e6-2698e609808d,MFANECYWPNKGFAATWCCHSPANWFEHYVRQCVPSLWEEIDQCGQPAPKAPFRPNHEVSCHQIYFIVDSVDMVHDGIISIRALPQANTCHRQTRWFRMGLLCGCVQNRCLTMPHKIPSKWYHIINEIKWSEEWSTRSEGFAGSVLLNRT,D8W
55a66588-708e-41eb-b057-693c2eea1ef1,MFANECYDPNKGFAATWCCHSPANWFEHYVRQCVPSLWEEIDQCGQPAPKAPFRPNHEVSCHQVYFIVDSVDMVHDGIISIRALPQANTCHRQTRWFRMGLLCGCVQNRCLTMPHKIPSKWYHIINEIKWSEEWSTRSEGFAGSVLLNRT,I64V
6031d7a2-6bf1-4123-8824-f0d7a74bc95e,MFANECYDPNKGFAATWCCHSPANWFEHYVRQCVNSLWEEIDQCGQPAPKAPFRPNHEVSCHQIYFIVDSVDMVHDGIISIRALPQANTCHRLTRWFDMGLLCGCVQNRCLTMPHKIPSKWYHIINEIKWSEEWSTRSEGFAGSVLLNRT,"R98D,P35N,Q93L"
71a11f93-c771-466f-9af1-3f1b65e11f11,MFANECYDPNKGFAATWCCHSPANWFEHYVRQCVPSLWEEIDQCGQPAPKAPFRPNHEVSCHQIYFIVDSVDMVHDGIISIRALPQANTCHRQQRWFRMGLLCGCVQNRCLTMPHKIPSKWYHIINEIKWSEEWSTRSEGFAGSVLLNRT,T94Q
f74d3746-ec4f-46d3-8bc3-4a4a30b0996c,MFANECYDPNKGFAATWCCHSPANWFEHYVRQCVPSLWEEIDQCGQPAPKAPFRPNHEVSCHQIYFIVDSVDMVHDGIISIRALPQANTCHRQTRWFRMGLLSGCVQNRCLTMPHKIPSKWYHIINEIKWSEEWSTRSEGFAGFVLLNRT,"S144F,C103S"
fd425464-c300-47e7-a0d3-44511868bf19,MFANECYDPNKGFAATWCCHSPANWFEHYVRQCVPSLWEEIDQCGQPAPKAPFRPNHEVSCHQIYFIVDSVDMVHDGIISIRALPQANTIHRQTRWFRMGLLCGCVQNRCLTMPHKIPSKWYHIINEIKWSEEWSTRSEGFAGSVLLNRT,C90I
e15a1411-b3ed-45fb-a192-7af1cde4be91,MFANECYDPNKGFAATWCCHSPANWFEHYVRQCVPSLWEEIDQCGQPAPKAPFRPKHEVSCHQIYFIVDSVDMVHDGIISIRALFQAFTCHRQTRWFRMGLLCGCVQNRCLTMPHKIPSKWYHIINEIKWSEEWSTRSEGFAGSVLLNRT,"N88F,N56K,P85F"
e10edbf6-68e0-4e2e-8587-15236d0155b6,MFANECYDPNKGFAATWCCHIPAVWFEHYVRQCVPSLWEEIDQCGQPAPKAPFRPNHEVSCHQIYFIVDSVDMVHDGIISIRALPQANTCHRQTRWFRMGLLCGCVQTRCLTMPHKIPSKWYHIINEIKWSEEWSTRSEGFAGSVLLNRT,"N24V,S21I,N108T"
e128c134-8d6d-4641-ba72-80bece4999f9,MFANECYDPNKGFAATWCCHSPANWFEHYVRQCVPSLWEEIDQCGQPAPKAPFRPNHEVSCHQIYFIVDSRDMVHDGIISIRALPQANTCHRQTRWFRMGLLCGCVQNRCLTVPHKIPSKWYHIINEIKWSEEWSTRSEGFAGSVLLNRT,"V71R,M113V"
90a18f9d-270b-4d03-828f-d5305f155436,MFANECYDPNKGFAATWCCHSPANWFEHYVRQCVPSLWEEIDQCGQPAPKAPFRPNHEVSCHIIYFIVDSVDMVHDGIISIRALPQANTCHRQTRWFRMGLLCGCVQNRCLTMPHKIPSKWYHIINEIKWSEEWSTRSEGFAGSVLLNRT,Q63I
ee6cb11f-903a-489a-94e5-86c0ff5ab7a3,MFANECYDPNKGTAATWCCHSPANWFEHYVRQCVPSLWEEIDQCGQPAPKAPFMPNHEVSCHQIYFIVDSVDMVHDGIISIRALPQANTCHRQTRWFRMGLLCGCVQNRCLTMPHKIPSKWYHIINEIKWSEEWSTRSEGFAGSVLLNRT,"R54M,F13T"
218bf94e-c0f8-4560-af5d-b49347e34db8,MFANECYDPNKGFAATWCCHSPANWFEHYVRQCVPSLWEEIDQIGQPAPKAPFVPNHEVSCHQIYFIVDSVDMVHDGIISIRALPQANTCHRQTRWFRMGLLCGCVQNRCLTMPHKIPSKWYHIINEIKWSEEWSTRSEGFAGSVLLNRT,"C44I,R54V"
687d10c5-56dd-4b09-93eb-315f4bd06bed,MFANECYDPNKGFAATWCCHSTANWFEHYVRQCVPSLWEEIDQCGQPAPKAPFRPNHEVSCHQIYFGVDSVDMVHDGIISIRALPQANTCHRQTRWFRMGLLCGCVQNRCLTMPHKIPSKWYHIINEIKWSEEWSTRSEGFAGSVLLNRT,"P22T,I67G"
